Hyb_Signal_GREEN,Assay_Signal_GREEN_maxLigand,Assay_Signal_GREEN_almostMaxLigand,Assay_Signal_RED_maxLigand,Assay_Signal_RED_almostMaxLigand
6158.824337,2416.833333,2907.5,1952,509.8333333
2052.539812,771,950.1666667,1666.4,271.1666667
9641.918561,3824.833333,4821.666667,1907,619.5
1264.552478,319.1666667,275.1666667,1607.666667,288.1666667
5992.001736,2388.166667,3219.166667,2132.166667,346.4
3400.809541,1178.166667,1729.5,1508,245.8333333
7471.46512,2643.166667,3870,1457.833333,249.1666667
8169.663471,2657.5,3842.833333,1530,303.1666667
13982.86119,4313.333333,7703.666667,1459.166667,252.8333333
8879.519681,3284,4557.333333,1470.5,294.6666667
14711.6791,5587.666667,8733.666667,1719.333333,357.3333333
10389.7833,5056.166667,6417,1825,308.3333333
3474.888455,1398.666667,1824.166667,1345.666667,309.5
3941.896662,1490,2194,1600,275.8333333
7872.005208,3915.833333,4914.166667,1888.8,346.6666667
11214.75256,4778.166667,6719,2598.833333,364.6666667
7933.724314,2976.5,4696,2037.833333,381.1666667
13851.83061,4957.666667,8203.833333,1598.833333,286.8
9027.432962,3876.666667,5273.666667,1573.666667,285
14800.212,6129.833333,9541.333333,1847.166667,342
11201.73868,4147.5,6210.833333,2216.166667,289.5
1027.508602,310.3333333,496.8333333,1293.666667,328
1568.5756,562.8333333,718,1526.833333,276.1666667
338.146149,101.5,153.6666667,1376.166667,307
333.5557528,92.16666667,160,1341.333333,402
953.0269492,316,414,1663.4,346.1666667
784.3972538,275.1666667,392.3333333,1637.666667,266.4
331.3799321,115.5,171,1483.333333,269.3333333
744.8276121,286.6666667,405.3333333,1252.2,245.8333333
8421.302833,3632,3894.166667,2492.166667,611.5
11474.1424,5145.166667,6258.666667,2548.833333,839.6
15019.65755,5414.166667,6347.833333,2988.5,968.8333333
8315.08503,2714.833333,3135.833333,1713,342.5
15290.24238,7294.5,9171.166667,3076.2,403.8333333
13616.0365,5947.666667,8215.333333,2247.666667,351.8333333
14889.96398,5472.5,8524.833333,1564.6,357.1666667
19206.08022,10560,13972.16667,1535.333333,239.8333333
22928.32998,15717.33333,17707,1774.5,452.8333333
21310.83227,13017.5,15786.66667,1793.833333,310
22463.779,12880,17019.83333,1837.666667,284.3333333
16051.02932,7815.166667,11231.83333,2706.2,406.6666667
8174.746859,4060.5,5008.333333,1586.666667,242.3333333
12101.98729,5119,6484.333333,1918.833333,373.6666667
21152.65088,10881.66667,15346,2177.6,373.1666667
20597.41888,10605.83333,15040.33333,2354.833333,341.3333333
19330.24349,10319.83333,14076.83333,1737.5,298.3333333
23574.16631,15454.16667,17835.5,1634.5,363.3333333
20216.81877,11953.5,15474,1916.4,351.1666667
22808.53961,13341.83333,16848.66667,1788.833333,433.1666667
11126.802,4022.5,6212.666667,1911,382.4
4657.235559,1677.5,2159.166667,1570,301.1666667
1619.164733,519.8333333,746,1364.4,304.3333333
3510.797625,1287,1661,1672.666667,331.8333333
6195.352904,1964.833333,2513.666667,2139.5,291
1694.874527,577.6666667,802.8333333,1624.166667,307.1666667
4215.336253,1527.833333,1925.333333,1930.6,313.8333333
733.3828519,250.8333333,362.6666667,1421.166667,274
21690.99317,9686.5,10306.5,6430.5,3166
17273.10685,6722.833333,7513,4432.6,1375.333333
24207.11912,11343.16667,14301.66667,2939,614.6666667
19017.04545,8400.5,8845.833333,2324.4,286.6666667
25233.27281,16750.5,18807.83333,4204.833333,483
21583.78772,11192.83333,14173.5,2095.8,334.5
23644.2208,15948.33333,18289.16667,1519.75,379.4
27599.4081,19597.66667,22765.83333,1660.666667,378.6666667
29533.69018,22615,23937,2031,318.6
27555.26121,20025.16667,22046.83333,1630.5,356.8
26918.53168,18941.66667,21848.83333,1815.5,397.8333333
23507.62666,14395.5,18194,2459.666667,343.8333333
23492.2066,12667.66667,17051.83333,1756.5,451.8333333
27642.25915,18537.16667,21544.5,1908.166667,354
27619.61533,18974.66667,22119,2165.666667,377.8333333
27351.55911,19249.33333,20145.5,2161.166667,400.8333333
27985.07493,20137.66667,22708.66667,1648,372.5
30222.71528,23115.83333,25262.5,1590.5,338
26007.355,17722.83333,20528.5,1704.25,464.8333333
22318.28555,12157.16667,16428,1729.25,406.6666667
19522.75162,8223.333333,11473.33333,2335.5,414.2
4880.921086,1931.333333,2554.166667,1474.333333,247.8333333
6049.79869,2550.833333,3206.5,2008.166667,355.1666667
13806.10922,5756.666667,7189.666667,2634.333333,458.4
8565.617266,3069.166667,4064.666667,2083.8,339.1666667
7260.751657,2468.166667,3200.5,1958.4,403.3333333
7109.637626,2790,3278.333333,2033.833333,288.8333333
26768.37816,12274.33333,13738,11058.33333,5442.666667
26134.24156,13218.66667,15285,3360.666667,664.6666667
30400.87283,18128.5,20240.83333,2370.5,406.8333333
29001.50205,16996,19139.66667,2249.4,302.6666667
29599.93947,20956.66667,23696,3666.2,479.1666667
27207.74929,19053.16667,21528.83333,2175,381.8333333
29451.68131,22047.66667,23785.16667,1696,384
30277.57745,23804.66667,25508.33333,1849.666667,318.3333333
31915.20431,25721.33333,26808,1434,371.1666667
28318.17515,21084,23070.83333,1613.166667,372.3333333
28948.38597,20066.5,23138.33333,1871.5,328.5
29932.0404,20636.33333,22474.16667,2415.166667,442.5
28581.51476,18844,22586.66667,2057.833333,316.4
29584.85184,20140.66667,24039.66667,2090.333333,415
30764.36975,22762.83333,25606,1815.333333,334.3333333
31204.96662,23962,25233.83333,2419.5,352.5
30670.66217,24385.66667,24780,1685.333333,393.6
31704.6499,25165.5,26530.16667,1477.166667,405.6666667
24757.0713,16371.66667,18078.83333,1481.5,458.8333333
28403.02947,19045.83333,21671,1855.833333,293.5
19347.18963,8530.5,11678,2090.6,361
12150.75233,4236.5,5315.666667,1807,295.6
16588.34355,6855,8582.333333,2961.333333,446.8333333
16550.0013,7083,8522.666667,2563,383.8333333
15092.12887,6348,7567.5,2628,397.4
10647.81913,4090,5089.5,2385.833333,432.1666667
33209.91679,19441.5,21787.83333,6755,1502.166667
31517.48228,20042,21831.66667,2950.5,508.1666667
35268.43162,24789,27725.33333,2033,355
33086.38909,23278.16667,23733.66667,2038.666667,400.6
32624.31996,25709.16667,26948.33333,3909.333333,536.6666667
31063.86151,24412,25243,2585.2,423.1666667
32581.56948,25968.5,27062,1701.166667,334.8333333
32440.07396,25936.83333,27293.66667,1834.6,332.5
33368.95715,27136.83333,27199.66667,1556.833333,436.3333333
31343.17424,22597.83333,25466.16667,1833.666667,512.1666667
33106.37756,24275.83333,26575,1920.666667,387.6666667
34429.59111,26174.16667,28407.33333,2582.666667,393.1666667
30931.09545,21188.16667,24517.66667,1903.333333,401.5
32111.73958,24285.5,25999.83333,1973.166667,396.3333333
33654.25963,26215.5,28200.33333,2002.666667,434.6666667
33647.08684,26896.16667,28481.16667,3012.2,381.8333333
32414.41406,26261.66667,27122.33333,1600.333333,370
30782.79968,23814,23141.33333,1389.8,522.3333333
29502.24448,20976.83333,23291.16667,1855.666667,465.1666667
26680.38396,17131.66667,19770.33333,1901.666667,395
23684.01523,13747.66667,15102,2354.5,341.1666667
20508.83606,9403.333333,11878.66667,2389.333333,420
18475.91627,8198.5,10133.66667,2639.5,406.8
21559.69318,10181,12005,3191.333333,504
17935.48631,7690.166667,9505,2820,428.8333333
36335.64347,24865.5,26180.66667,3980.8,742.1666667
36173.45593,26203.33333,28030.5,2107.333333,391.1666667
37502.85196,27677.66667,30424.5,1944.4,378.1666667
35321.68533,26154.83333,27991.66667,1747.666667,393.3333333
33823.16896,27314.16667,27566.16667,4586.833333,701.3333333
33425.16229,26164.66667,26274.33333,2446.166667,486.3333333
34183.81428,27733.5,28122.33333,1624.833333,354.1666667
33785.37259,27441.66667,27775.66667,1648.6,375.3333333
35290.63909,28214.16667,29408.66667,1720.5,469.2
34186.52588,25755.83333,27919,1918.166667,442.1666667
35654.8299,28353.33333,28834.33333,1988.166667,426.5
35651.35736,27780.5,28141.66667,2465.8,444.1666667
33758.30394,24898.16667,27602.16667,1722.666667,384.6
34226.40814,27496,28356,1997.166667,324.6666667
35627.63427,29500.33333,30483.66667,1984.666667,409.5
34919.2369,28839.33333,28753,2077,443.6666667
31673.58953,24167.66667,25706,1467.166667,454.1666667
33519.86344,26247.16667,27892,1835.833333,506.8
28837.28973,20253.83333,22648.66667,1463.833333,303.6666667
29766.8084,20399,23277.33333,2026.2,372.5
28236.08235,18785.66667,20627.83333,2603.166667,377
22720.28839,11124.16667,13601.16667,2188.8,396.5
22752.70332,11075.66667,12265.5,2514.166667,414.5
23565.35507,11616,13325.33333,3115.2,446.8333333
39297.70001,31256.33333,31437.5,2281,393
38381.66091,30140.66667,30382.33333,1681.166667,415.5
37857.5249,31403.33333,31158.33333,1723.5,377.1666667
37134.03228,30749.33333,29702.33333,1848.666667,380.6666667
35735.86498,29013.83333,30291.5,4417.166667,618
34624.66071,28839.66667,28444.16667,2280.5,446.1666667
35103.10969,27651,29779.5,1729.166667,506.3333333
35144.64118,28272.5,29897.5,1824.6,445.5
36266.97783,29701.66667,31260.16667,2027.333333,383.3333333
36532.43943,29981.16667,31273,1781,380.6666667
36295.72289,30381.33333,30631.83333,1841.833333,473.8333333
36278.53452,30073.5,31004.66667,2518.333333,361.3333333
35505.79987,28679.5,29211,1741.833333,429.6666667
36376.70845,30677.16667,31390.33333,1677.833333,378.3333333
35957.15566,30936,29862.5,1687.5,426.8333333
34124.02719,27779,27390.5,2073.166667,515.1666667
34470.53602,28608.83333,28815.5,1710,525.6666667
33164.19878,26992.16667,27563.5,1442.333333,361
31404.32631,22769.16667,24356.83333,1820.833333,316.6666667
31387.29447,23082.5,24284.33333,1722.333333,376.3333333
30291.0962,20760.16667,22623.5,2257.333333,456.3333333
25736.21741,13991.33333,16183.83333,2420.5,466.5
25804.3821,13253.16667,15735.33333,2932.333333,470
40897.79376,34065,33324.16667,1801,343.8
38830.83041,31659.16667,32371.83333,1658.5,335.8333333
39416.96622,33200.33333,32726,1562.666667,385
39037.28729,33362.5,32594,1790.6,384.8333333
35775.77182,29917.66667,30370.83333,4664.666667,788.5
35338.07158,29056.33333,29599.33333,2705.5,454.1666667
36271.21437,30087.33333,29322.16667,2048.6,432.5
36489.03149,30310.16667,31678.83333,2167,411.5
37493.23319,33227.33333,32140,2026,368.1666667
36915.77533,30772.16667,32490.66667,1885.166667,390.5
37061.90728,32520.66667,32102.16667,1611.833333,450
37190.90672,31360.66667,32595.16667,2520,450.8333333
36583.91572,30017.33333,31329.16667,1664.166667,402.1666667
36284.19366,30480.33333,30982.16667,1604.833333,407
35626.82185,29626.5,29902,1485.333333,557.5
35806.13281,29902,30097.83333,2673.5,468.5
33407.29261,26487.16667,27816.33333,1549.833333,388.5
34285.84091,27773.66667,28510.16667,1975.666667,391.8333333
32089.13076,24054.83333,25200.83333,1784,397.5
32711.61924,24745.66667,25986.66667,1876.666667,367.3333333
30897.63881,21663,22747.5,2015.5,404.6666667
28115.28567,16186.83333,17896.66667,2469.833333,514.1666667
41007.30532,35208.5,34771.83333,1873.6,349.1666667
39795.08302,33858.5,32954.66667,1590.333333,526.2
40348.00509,34497,34034.66667,1712.6,324.1666667
39352.60484,34243.5,32643.5,1743.666667,576
36738.80745,31131.83333,32034.83333,4327.5,708.1666667
36801.09706,30886.16667,31467.33333,2621.333333,583.8333333
37234.40369,31790.83333,32503.83333,1948,404.5
37726.54423,32732.16667,33413.5,2144.833333,438.8333333
37650.04542,34396.66667,33036.83333,1726.666667,340.1666667
37248.0799,33248.5,33920.33333,1612.5,371.3333333
37511.52726,33454.66667,33070.33333,1684.333333,398.6666667
37687.43273,33518.5,33133.33333,2034.166667,472.5
36677.66781,31962.5,31261,1337.166667,426.6666667
35652.15905,30313.33333,29577.33333,1436,438.2
37270.01507,32132.66667,31757.33333,1697.833333,444.6666667
35775.5565,29416.66667,30351,1992.666667,406.8333333
34595.29782,28387.5,28374.5,1897.666667,422
34069.40345,27635.66667,28026.83333,1833.833333,390.1666667
33507.64205,25771.66667,27530.66667,1964.8,504.8
32890.40633,25250.83333,25583.16667,1960.666667,501.1666667
32512.74507,23567.83333,23638.33333,2224.166667,518.5
1711.862729,451.1666667,569.5,1994.5,448.6
2271.815854,554.5,597,2056.4,407.6666667
5956.343355,1194.333333,1488.666667,2296.833333,541.3333333
2009.419981,464.8333333,453.6666667,1879.5,392.3333333
4951.639639,1247.666667,1555,2468.166667,397.8333333
2243.341619,559.1666667,858.5,2171.166667,343.8
2663.976997,732.5,956,1982.666667,457.6666667
6573.032868,1387.166667,2860.166667,2255.833333,390
12339.37926,4897.166667,7081.833333,2070.166667,540.8333333
7289.351839,1853.333333,3538.833333,2349.333333,411.3333333
10379.09276,4527.5,5794.666667,2031,462.4
4164.081952,1719,2148,2161.333333,443
1160.469105,338.8333333,549.8333333,2127.166667,427.5
2931.78129,1208.5,1510.666667,2190.333333,362.3333333
6327.065104,1792.833333,2386.666667,2386,370.3333333
5696.204546,1582,2056.166667,2083.6,359.3333333
6696.434304,1574.833333,2843.5,2255.166667,359.1666667
12512.26693,4790.833333,7212,2131.6,323.3333333
7634.425505,1711,3203.166667,2151.5,324.4
14977.7805,6204.833333,8499.833333,2341.333333,380.6666667
4889.960306,1100.833333,1728.333333,2294.833333,543.6666667
734.0873974,172.5,298.5,2093.166667,420
79.74254254,42.6,39.2,2406,412.1666667
247.4792456,62.83333333,92.33333333,1923,445.6
1181.6497,218,376.6666667,2272.833333,346.8333333
150.3079822,58.25,61,2102.666667,281.75
1073.190065,256.1666667,395.1666667,1938.166667,493.3333333
189.5798611,51.8,90.66666667,1720.333333,394.1666667
10710.79778,3247.666667,3548.166667,3099.833333,1001
7477.441635,1798.833333,2174.333333,2777.333333,549.1666667
12133.48276,3683.5,5024.5,2301.333333,401.5
10713.99392,3462.666667,3703,2144.4,431.6666667
12414.97739,4278.833333,5632.833333,2716.166667,414.1666667
7242.598643,1978.666667,2625,2196.666667,385.1666667
10880.81175,3386.666667,5435.166667,2272,420.6666667
14612.80394,6910.5,9471.333333,2190,399.8333333
17682.34442,9792.833333,11744,6225.2,373
13639.19145,6290.333333,8249.5,2191.833333,338.2
12403.13514,4514,7222.333333,2260.833333,387.8333333
8536.980193,2681.5,3702.166667,2425,426.3333333
5277.185803,1671.166667,2037.166667,2192.333333,377.5
9709.248146,2660.5,4221.833333,2280.75,413.4
13176.12094,4086.666667,6344.833333,2409.2,365.3333333
13880.2691,5409.333333,7968.833333,2336.666667,319.8
14550.83195,7557.666667,9086.333333,2245.2,413
18043.98493,9465.333333,12440.16667,2181.5,436
17894.28389,9559.333333,11498.83333,2123.666667,454.8333333
14559.42685,5733.833333,7897.666667,2090.166667,464.8
10559.57686,2936.666667,4213.833333,2018.666667,415.5
710.165404,172.6666667,257.3333333,1810,445
978.960614,210.5,387.8333333,2206.5,329.3333333
5988.910985,1908,2533.333333,2492.6,367.5
1984.595281,409.3333333,680.5,2171.2,325.6
2104.07923,478.6666667,717.5,2212.833333,492.6666667
2349.757852,610.6666667,794.3333333,2140.666667,407.6666667
15567.99463,6036.333333,6464.666667,4303.4,1863
14139.53642,4645,5955.833333,2769.833333,393.6666667
20463.62046,8802.166667,10562.83333,2384.666667,380.6666667
16997.50947,6624.333333,7826.833333,2097,435.5
17439.03839,8000,10349,2899,408.1666667
14746.09651,6531,8507.666667,2450.5,475.8333333
17558.88577,9761.166667,12032.5,2179.8,348.1666667
18817.05674,11662.5,12462.16667,2145.833333,417.6666667
20466.68079,12252.5,14263.33333,2363.166667,322.5
15425.5846,7302.666667,9905.5,2126,358
16827.73844,6535.833333,9677.166667,2138,319.6666667
16118.85156,5742.666667,8347.166667,2663.5,374.1666667
13288.93628,3685,6240.833333,2187,476.6666667
15788.56996,5266.5,8616.333333,2435.333333,455.1666667
18922.23828,9601.666667,11165.5,2293,422.6666667
20107.4575,11001,13337.16667,2621.333333,555.5
19646.72581,11108,13650.16667,2126.5,569.8333333
25190.88719,16914.16667,18436.66667,2286.5,483
16987.09296,8866.5,10766.33333,2104.833333,416.4
18473.83527,9619.833333,11564.33333,2308.333333,456.3333333
10107.20218,2657.166667,3996.833333,2075,375
3570.974945,821.3333333,1136.833333,2145.333333,342.3333333
7896.230587,2387.833333,3126.333333,2452.833333,450.1666667
8066.945313,2455.333333,3048.333333,2542.666667,461.2
7901.538865,2770.5,3356.333333,2350.25,464.1666667
3700.026752,958.1666667,1348.333333,2188.166667,529
21344.77158,9586,11268.5,3314.8,709.8333333
21836.39134,10268.5,11336,2483.666667,417.5
25205.86541,13566.33333,15707.5,2229.2,386.6666667
21847.50067,10590.83333,11708.33333,2036.333333,509.3333333
22193.86695,13314.33333,14541,2971.333333,488
20737.75998,12111,13929.33333,2537.833333,483.6666667
22155.28819,13794.5,15512.33333,1998.5,379
22390.63392,13892.5,15651,2202.166667,446.6666667
22690.3808,14098.5,15248.66667,2081.2,414.8
19712.90964,9584,12337.66667,2273,383
22891.97581,11112.66667,13927.66667,2520.666667,357.3333333
23084.32777,11345.16667,13699,2769.6,449.3333333
18660.81771,7255,10643.33333,2239.833333,344.8
21282.79324,11377.16667,13718.16667,2310.833333,587.8333333
25369.10034,15636.33333,17756.66667,2221,540.4
24562.67712,16142.83333,15784.33333,2337.5,481.8
25889.4882,17976.83333,19227,1979.333333,449.8333333
24676.64122,15961,18234.5,2272.166667,484
20769.3024,12259.16667,13099.5,2073.833333,454
18407.15313,9546.5,11885.83333,2273.25,291.8
14498.48465,5941.833333,7444,2466,504.5
12115.26294,4062,5059.833333,2345.666667,444.3333333
10125.30737,3170.333333,4004.5,2385.666667,419.8333333
13705.4611,5721.5,6556.5,2690,607.8333333
9837.171836,3340.666667,4544.166667,2515.833333,504.1666667
28245.84935,14714.33333,17537.83333,2677.6,470
26353.29893,14635.16667,16248.16667,2254.666667,394
28394.4113,16797.16667,19023,2024.833333,366.8333333
26752.70289,16399.83333,17116.33333,2083,445
25932.6873,17531,18849.16667,3350.666667,500.5
24310.20423,15839.5,17513.16667,2371.666667,461.5
23849.48658,15245.66667,17169.33333,2235.5,452.8
24057.86798,14834.66667,17204.5,2293,347.1666667
27496.36857,16622.83333,18863,2264.333333,387.8333333
25801.45226,13885.5,17169,2409.5,383.8333333
27557.29474,16071.5,19154.5,2095,365.1666667
26218.16071,14696.33333,17863.33333,2577.2,414
23455.16994,12575.66667,14776.33333,2442.5,506
26081.85792,16075.66667,17210.5,2514,530.1666667
28388.41564,19338.33333,20728.33333,2460,395.6666667
29905.63293,22347.33333,23193,2065.166667,647
25651.75659,17587.33333,18835.5,2259,378.8333333
26899.19547,19213.66667,19718.33333,2196,502
20567.17618,12025,13418.5,1952.333333,381.1666667
21963.04723,13116,14404.66667,2064,504.4
21441.51606,12185.5,11900,2482.666667,361.8333333
14180.04443,5143.333333,6447.666667,2876.2,448.1666667
15511.21465,6832.833333,7611,2697.5,436
15642.92361,6515.333333,7493.833333,2443.5,484.8
31463.96828,19338.66667,21004.5,2685.5,420.5
28838.50272,18029.83333,18923.83333,2316.666667,446.3333333
31572.01507,21983.66667,22529.66667,1962.333333,382.6666667
30239.33014,21493.16667,22158.83333,2064.666667,403.3333333
27950.31518,19602.66667,21183.33333,3089.5,500.2
26213.47704,18106.83333,18795.5,2376.666667,432.6666667
26877.49858,17960.83333,19362.83333,2045.6,394
28236.03472,17623.66667,19658.66667,2281.333333,426.5
30901.67274,20962.33333,23171.33333,2186,468
28958.102,18944.5,21552.33333,2189,366.3333333
30006.47834,19145.16667,21674.5,2134.5,416.2
28476.74992,18716.5,21177,2860.2,414.2
27813.01196,17860.33333,19619.33333,2447.2,351.1666667
29707.48142,20863.16667,21965.16667,2099.833333,534.5
32230.45151,24536.33333,25731.16667,2096.333333,426.3333333
29541.10294,21683.66667,22321.5,2340.166667,397.3333333
27766.13423,20097.83333,21291,1919.2,393
26884.29301,18950,19852.66667,1999.833333,493.8333333
23822.71978,14755.16667,16494.5,2429.166667,336.3333333
26654.89512,17854.66667,18703,1979,367.5
23256.14382,13090.16667,14731.5,2528.666667,490.2
18989.76156,9068.833333,10070.16667,2583.4,410.3333333
17243.08539,7575.166667,8278.333333,2588.333333,435.3333333
34168.11289,23744.66667,24081.33333,2375.166667,395.6666667
32528.45825,22069.16667,23539.5,2081.8,423.6
34445.93225,25558.5,26246.83333,1905,390.8333333
32199.17191,22652.5,24806.66667,1968.5,406.8333333
29298.50477,22485.83333,22635,3647.666667,568.3333333
27829.74341,18771,20463.83333,2556.2,380.2
29893.67326,20532.5,21926.66667,2066.5,355.8333333
31493.03192,22955.5,21944.33333,2212.666667,388.1666667
32976.58377,24970.66667,24567.16667,2213,508.8333333
30951.31199,21259.33333,23163,2353,347.8333333
32264.9695,23240.33333,25360,2017.5,429.8333333
31845.49282,22304.66667,25663,2396.666667,340.6666667
30386.26835,20896.33333,22940.33333,2248.333333,401.5
32110.80571,25335.66667,25803,2149.5,328.3333333
31805.01357,24612,24789.5,2147.4,392.1666667
31257.23224,24015.5,23563.33333,2200.5,531.8333333
27535.14666,19653.83333,20750.66667,2122.2,421.6666667
28730.31297,21746,21009.33333,2031.333333,420.1666667
27965.57276,19057.66667,20523.66667,2124.666667,555.4
28100.13171,19343.66667,20591.66667,2130.166667,381.3333333
26088.83428,17197,17873.33333,2268.666667,508
20865.39366,11093.16667,11198.33333,2270.5,483.6666667
8043.544784,3512.666667,3667.5,3495.5,628
10908.43687,4700,5484.333333,2875.666667,735.1666667
16612.18158,6370.833333,6986.833333,4317.166667,831
4800.480429,1237.333333,1962.833333,2414.666667,243.8333333
10449.76018,4891,5861.666667,3351.833333,350
9281.612295,3830.666667,5257.833333,2372,366.8333333
10629.25122,3202.666667,5258,2093.6,313.8333333
18151.11379,9492.166667,12439.16667,2278.833333,310
20871.21465,13084.16667,14760,2455.8,365.3333333
17852.63277,9518.333333,12591.5,2387.4,368
18596.20889,9194,13181.16667,2353.833333,298.5
11982.40546,4748.666667,7093.166667,2687.666667,330.8
6164.016809,3022.5,3585.666667,1923.666667,252.3333333
9014.091619,4419.333333,4961.333333,2508.666667,278.3333333
17179.62587,7751.666667,11832.66667,2690.5,392.8333333
17846.7715,8283.833333,12087.5,2904.666667,356
17395.7395,8630.333333,11744.16667,2439.6,309.5
21764.15467,13619.16667,16006.33333,2241.666667,283.1666667
18261.08341,9855.833333,12509.83333,2098.166667,313
20252.82584,10949.66667,14496.5,2221.5,386.2
8020.039299,3223.833333,4241.333333,1940.166667,292.1666667
5154.988952,1897.833333,2393.333333,2174.166667,305.8
1715.123185,532.5,770.8333333,1933.333333,356.6
3733.101562,1417.166667,1650.833333,2421.5,446.1666667
7336.595644,2279.333333,2803,2948.833333,438.6666667
2096.665593,665,963,2003.5,326
4353.456716,1504.666667,2034,2502.333333,349
1072.797625,385.6666667,523.6666667,1889.5,291.8
21551.32599,10281,10543.16667,8196.833333,3067
17099.67799,6756.666667,7295.333333,4902.333333,1012.8
25163.64362,12117.33333,14933.66667,3558.333333,549.8333333
16616.8563,6777.666667,8071.833333,2404.333333,324.3333333
19830.0406,11963.66667,12584.5,4553.8,566.1666667
16398.76641,7201.166667,9920.333333,2595.166667,300.6
22097.44093,14207.5,15246.83333,1889,288.1666667
27413.86774,18962.33333,21467.66667,1964.666667,284.6666667
28563.98122,21174.5,23309.83333,1953.6,389.6666667
26179.30125,18155,19579,1912.833333,324.1666667
23659.00221,15318.16667,18605.16667,2507.5,375.1666667
22016.68703,12709.33333,15461,2545.833333,364.6666667
21739.16138,11451.83333,14788,2239,272.6666667
25165.10985,15420.66667,18917.66667,2547,345
26015.65049,17533.83333,20312.33333,2377.666667,253.5
25756.67724,18249.5,19531,2699,335.8333333
27498.97668,19808.33333,21247.66667,1985.166667,301.6666667
28720.08606,21421.83333,23372.33333,1963.333333,376.5
24181.23682,15621,18377,2310.833333,365.5
20012.80879,10799,13683.66667,2027.833333,331.3333333
18180.32844,6643,9531,2638.333333,310.6666667
5329.003196,2034.666667,2535.166667,1831.833333,390.6
6848.931897,2788.333333,3212.333333,2398.833333,380.3333333
14789.44397,6340.833333,6777.333333,3458.333333,409.5
9775.268939,3517,4021.666667,3145,345.2
8088.918521,2437.5,3351,2192.666667,397.8333333
7459.840081,2835.833333,3324,2561,352.5
25883.12678,12501.16667,13420,10530,4554.5
25190.07335,12528.16667,14296.83333,3951.5,512.6666667
30315.3692,19741,20821.83333,3250,346.8333333
25550.43789,14527.83333,16078,2611.333333,433.5
25474.53784,16809.16667,19007.5,4808.833333,585
24752.61608,15952.16667,18806.33333,2640.333333,425.8333333
28225.73027,20215.16667,21233.83333,1870.5,363.8
29464.288,21556.83333,24554.16667,2004,347.6
30735.63265,23256.83333,24918.83333,1970.666667,394.8333333
26193.4607,18515.83333,20423.16667,2124,420.8333333
26600.56005,17910.83333,20021.66667,2300,290.3333333
27747.51192,17764,20842.83333,2924,361.1666667
27577.40388,17133.33333,21133.83333,2226.333333,348.8333333
27172.54253,18562.66667,20570.66667,2499.5,284
28904.95683,20777.83333,22871.83333,2649.833333,348.8333333
29508.75087,20870.16667,24064.83333,3133,379.1666667
29178.45376,23139,23324,1939,322.5
30012.99211,22587,25015.5,1909.333333,378.5
23747.09876,15259.33333,17698,1628.166667,319.6666667
27189.68616,17046.66667,19995.83333,2192,430.1666667
18132.21323,6914.666667,9979.666667,2121.166667,344.8333333
13032.57221,5017.5,5692,2364.833333,361
17652.6935,7703.833333,8809.666667,3536.8,431.8333333
18483.14753,8243,9498,3501.833333,528.1666667
16763.92858,7271.333333,7938.5,3357,530.5
11357.4012,4294.666667,5200.5,2624.5,450
32276.98741,19028.83333,21486.33333,8108.5,1243.4
31077.59458,19692.16667,21966,2986.333333,368.6666667
34498.5887,23646.66667,26660,2489.5,348.1666667
30721.15455,20415.16667,21376.66667,2437.8,327.6666667
29102.22585,21302.5,23298.66667,5238.333333,512.1666667
29918.35492,22053.83333,24255.83333,2536.166667,464.8333333
31551.3022,24907.33333,25567.83333,2087.5,283.6666667
31726.34304,25114,25458.5,1889.166667,406
32057.86829,24112.33333,26059.83333,2107.4,371.8333333
29792.55425,21335.33333,22273.83333,2070.5,346.6666667
31607.14631,23013,25407.33333,2087,367.6
32607.94291,22894.33333,25862.83333,3466.666667,379.8333333
30000.38041,19278.16667,23256.16667,2076.5,385
30482.20151,22914.16667,23409,2372,382
31738.70814,23810.83333,25441.5,2862.833333,398.3333333
32348.43154,25977,25541.83333,3689.833333,398.8333333
30724.61482,23670.16667,24078.83333,2010,370.1666667
29408.0421,21512.33333,23436.66667,1844.2,366.6666667
29379.90337,20614.5,22636.83333,2281,447.6666667
26108.01121,16626.83333,19071.83333,1960.166667,360.25
23756.87267,12759.66667,14976.33333,2833.333333,376.6666667
21540.48595,10360.83333,12830.83333,3107.666667,356.1666667
20488.74416,9078,10383.16667,3464.166667,411.1666667
22368.73879,11607.83333,12003.66667,3916.666667,558.8
19633.82986,8785.666667,10520.83333,3437.833333,508.1666667
35653.38944,24610.83333,26183.33333,4452,683.5
34416.95084,24580.5,25559.83333,2497.833333,388.8333333
37020.51495,28730.66667,28761.83333,1910.6,401.1666667
33386.00114,23807.33333,25246.5,2331.333333,377.1666667
31908.25643,24222.33333,26756.16667,5901.5,785.8333333
32204.05453,25511.5,26083.16667,2342.833333,421.5
33099.53969,27363.33333,28118.16667,1887.5,404.1666667
32962.77719,26987,27429.66667,1924.666667,283
34098.44038,26005.66667,27271.83333,2305.5,403.1666667
33676.77798,25454.16667,26342.16667,2358.333333,341.3333333
35183.00063,27942.33333,28579.33333,2471.333333,380.3333333
34958.85977,26823,27106.33333,3033.333333,480.6666667
32381.69022,23135.66667,25530.66667,2165.166667,317.1666667
32993.98086,24220.66667,27249,2418.5,453.6666667
34357.70226,28085.5,28794,2520.6,354.1666667
34561.70648,27379.16667,28526.83333,2897,447.1666667
30433.45411,22966.5,23682.16667,1859.833333,523.6
33430.18742,26393.5,26325.16667,2193,431.6666667
28837.02095,20326.16667,21754.83333,1810.333333,383.6
28639.72988,20178.66667,21034,2377.833333,467.3333333
28054.02967,18147.16667,20026,2944,326.8333333
23728.70198,11729,13955.5,2837.2,333.6666667
24413.09245,12643.83333,13541,3380.333333,532.6666667
25549.24187,13684,13807.66667,3700.666667,514.4
38414.86656,28412,29831,3035.833333,442.2
36795.33164,27432.33333,28817,2225.333333,340.3333333
38389.74365,32161.16667,30738,1910.166667,281.6666667
35901.90724,29040.5,27472.5,2253,441.1666667
34032.29616,27111.33333,28268.33333,6373.833333,933.3333333
33206.38471,26333.33333,26199.83333,2527.333333,439.3333333
34130.34825,27082.66667,27497.83333,1990,357.3333333
35094.16181,27778.16667,29002.66667,2033.2,368
36089.13064,29029.5,29897.66667,2317.833333,412
36273.63522,29741.83333,30499,2367.666667,314
36560.12196,30499.66667,29989.83333,2122.833333,375.5
35471.16836,28723.16667,28532.16667,3041.833333,398.3333333
34268.4927,26247.33333,27753.66667,2141.333333,351.5
35828.27723,30015.33333,29960.16667,2187.5,325.6666667
35695.43016,30061,29502.16667,2005.166667,360.5
33660.47585,26969.66667,26290,2555,562.1666667
34015.1555,27675.83333,27888.66667,2310.333333,412.5
32397.73264,25570.33333,24028,1818.833333,395.8333333
30849.53042,23159,22299.5,2153.833333,315.6666667
31006.00189,23586,23151.83333,2326,378.8
29774.91947,20135,21027.33333,3059.333333,391.6666667
26935.91221,15012.16667,16706.33333,2948.8,478.1666667
26951.00935,14441.33333,16191.16667,3356.4,503.5
39955.16982,32000.83333,31114.33333,2334.166667,372.5
37991.92065,31440.33333,30161.33333,1969.4,325.1666667
39442.67949,32334.33333,32350.66667,1962,419.1666667
38461.33357,30501.33333,30661.16667,1932.666667,349.6666667
35022.52979,28311.83333,27827.66667,6561.5,859.5
34693.21619,27671.5,28362.5,2606.5,491.8333333
36045.41418,29686,29859.66667,2060.333333,347.6666667
36330.26902,29156.33333,31135.5,2288.833333,358.2
37819.74862,32719,32733.83333,2253.5,411.3333333
37168.66647,30897.33333,31832.83333,2067.166667,362
37169.18793,32774.16667,32060.66667,1923.833333,322.5
37370.616,31743,31343,2967,428.8333333
36348.91465,29952.16667,29867.5,1916.8,352
35914.54482,30161.5,27333.5,1789,385.1666667
35016.77738,27952.83333,28923.83333,2111.166667,372.2
36082.37827,30060.83333,30043.66667,3336,459.8333333
33057.37062,26456.5,25962.66667,1849,387.3333333
33753.16509,26589.83333,27609.16667,2296.666667,396.8333333
32192.01381,25890.83333,25307.83333,2083.4,465
32752.88431,25565.5,24327.5,2247.666667,422.3333333
31406.57252,21987,23292.5,2735.5,426.1666667
28859.48015,16693,19021.66667,3546.333333,490.5
26831.18975,13051.16667,16782,3938.5,1106.5
24669.68714,13015,15014.33333,2271.5,395.1666667
21583.33933,7505,9728.5,1925.333333,389.1666667
18109.19417,10136.66667,11841.83333,2217,331.6666667
5433.121765,1750,2221.5,1521,345.1666667
14304.84095,4226.166667,5434,2130.5,362
19147.37216,7849,10044,3048.833333,607.5
23118.86214,10119.5,13645.83333,2661.833333,437.8333333
13739.32611,5218.333333,6209.5,2827.5,604.3333333
23618.86013,9849.333333,11656.33333,6993.666667,3139.333333
30953.68758,15935.16667,18099.33333,10426.4,2657.8
26936.65065,15479.83333,17571.33333,2346,349.8333333
22208.802,9865.666667,10481.5,2257.333333,359.3333333
18963.91694,9968,12134,1955.666667,318.6666667
11847.19472,4651.166667,5885.166667,1573.666667,382.1666667
13072.26488,4630.333333,5150.833333,1860.333333,333.1666667
19774.03654,9192,12302.83333,2003.2,377
21529.1063,10767.83333,12720.5,2118.333333,316.8333333
11954.54538,5206,6236.666667,1809.5,320.8333333
19934.10133,8793.333333,9657.666667,2894.833333,461.8333333
23677.3778,11272.16667,13324.83333,4060,987
29349.91185,16669.16667,19210.33333,2965,456.6
28755.00406,16990.66667,19389,2097.666667,386.1666667
26928.30185,18962.33333,18795.83333,2065.333333,492
19693.05102,9493.333333,11928.16667,1775.833333,387.6666667
23422.94093,11239.16667,15033.5,1887.166667,294.3333333
27178.60772,17045.83333,19721.83333,2070,338.8333333
27587.38901,17168.16667,19647.66667,1910.333333,329.1666667
18145.5681,7918.5,9975.666667,2009.333333,378
23459.35847,11358,13067.33333,2498.5,364.5
24284.24345,12587.66667,14390.83333,2180,395.6666667
28919.61095,16709.5,19783.33333,2172.666667,419.6666667
30130.39863,18138.83333,20740.33333,2263,521.4
29976.37468,21481.16667,22945,4088.666667,604.1666667
17950.08732,7325.333333,9816.666667,1661,265
23437.84359,12125.66667,15946.83333,1699.666667,357.5
25003.17389,14461.83333,15643.5,2279.333333,316.8333333
23507.31195,11799.66667,14328.16667,2027.666667,343.1666667
9790.836806,4097.833333,5076.5,1731.666667,342
16801.26681,5564.166667,6702,1846.833333,392.3333333
9384.250316,3435,3857.5,1787.833333,329.6666667
16285.95241,5799.166667,7145.5,1982.5,338.5
26330.15617,12598,14165.83333,2314.333333,392
28157.82193,15724.66667,17443.83333,1893.166667,364.6666667
28303.58586,19389.83333,20982.33333,3409,454.2
27077.45948,19061.16667,21309.16667,2262,380.6666667
26341.91872,17996.16667,20195.66667,3835,408.6666667
26918.89074,16822,21244.83333,3506.5,510
19016.91185,10222.5,11942.83333,3302.833333,455.1666667
23567.19634,12411.83333,15480.16667,3419.833333,544.1666667
17886.9446,8371,9832.833333,2970,430.8333333
22799.33673,12744.66667,15408,3851.333333,466.6666667
22578.74432,12476.5,14089.33333,3739.666667,458.5
26795.22676,17426.16667,20597,4123.666667,511.3333333
29798.09714,20594.33333,22064.66667,4364.4,549
30277.87551,22395.5,24357.83333,1547,389.3333333
29038.04392,21487.16667,22862.83333,1802.5,353.1666667
27317.24909,20090.66667,19654.66667,1986.333333,399.5
20876.0625,11491.66667,14275.16667,2315.166667,487.8333333
24279.28492,13573.83333,16711.5,2243.666667,352.3333333
17459.5971,6583.833333,9816.166667,2200.4,359.3333333
21642.20044,11731.83333,14569.83333,2322.5,512
21179.25229,9740.833333,13158.16667,2149.8,402.6666667
23465.67089,13608.5,16388.33333,2858.166667,399
24764.81743,14342.5,18008.83333,2603,484
28733.63096,21483,22591.83333,2464.666667,441.3333333
31221.7863,24336,25836.83333,1683.166667,351.3333333
31343.31613,24774.5,26281.5,1784.666667,344.8333333
25364.46196,16420.16667,19066.5,2029.5,434.1666667
26582.07809,17463,20471.66667,1809.833333,314.6
21787.7674,11605.33333,15650.33333,1942.8,325.8333333
24101.88041,14361.66667,18153.16667,1881.166667,413.1666667
22168.33566,11753.66667,14999.5,1908.2,348
22297.00844,12991.66667,15924.66667,2354.333333,331.5
23787.47767,12873.5,16916.66667,1770.833333,346.8
26436.11521,17577.83333,20497.5,1627.833333,380
28347.10436,20061,22403.83333,1506.833333,374.6666667
32652.36044,26429.5,26086.83333,1580.166667,391.3333333
28967.61849,21558.5,23661.16667,1694.2,356.1666667
27487.05769,18090,21846,1934.833333,341
23573.48378,13027.5,16550.16667,2496.333333,460.1666667
25627.97072,16375.16667,18202.83333,1773.666667,353.1666667
21764.68722,10539.5,14607.83333,2014.333333,302
23135.2687,12506.5,16185.5,1984.666667,450.1666667
24965.4635,13395.33333,16966.33333,1719.5,340
25296.80082,16486.33333,18426.16667,1864.5,387.3333333
27391.71666,19048.5,21691.83333,1847.5,371.8333333
31056.03894,23815.66667,25416.66667,1660.666667,343
28873.03875,21190.33333,22829.16667,1574.833333,577.5
30160.60511,22337,24277.33333,1712.6,350
24094.71315,13304,17772,2821.833333,398.6
25787.45841,14444,19146.33333,2034.166667,391.8333333
20948.19902,8882.666667,13157.33333,2189,350.6666667
22765.12532,10834.33333,14910.66667,2029.833333,372.3333333
25936.62433,13443.16667,18289.33333,1899,336.8333333
26231.11525,16124.83333,19434.66667,2035.333333,331.1666667
25631.959,16512,19744.33333,2065.666667,441.5
29547.20612,21631.16667,23240.83333,1654.666667,422.3333333
29627.39343,21846,24052,1692.5,432.3333333
29545.37019,20292.5,23164.83333,2197,340.1666667
23860.0303,13557.83333,17739.5,1878.4,366.5
24988.09075,13994.5,17936.83333,2861,392
17465.46914,8596.333333,10612.16667,1902.333333,313.1666667
16439.57213,6040,8449.333333,1846,385
22457.75485,12088.5,16007.66667,2050.833333,306.3333333
21580.45447,10289,14260.5,1780.666667,278
17983.75395,6989,11530.83333,1967.5,322
25391.12188,17120.66667,20433.83333,1399.166667,366
24941.39118,15892.33333,19145.33333,1807.8,446.1666667
28556.55453,19725.16667,22004.16667,2010.8,404.5
30037.1581,20306.5,23671.33333,2672.333333,413.4
29991.92136,19533.16667,22500,2784.5,446.6
22614.43632,11695.66667,14516.33333,2059.4,361.6666667
22637.13301,9017.166667,12803.83333,2232.166667,341.8333333
25508.07418,13689.33333,17767.16667,2126.6,404.1666667
25287.85582,13443.83333,17781.5,2041.2,336.3333333
18551.29577,7237.333333,10223,1940.833333,338.5
23503.0292,12904.33333,16802.16667,1500.2,366.8333333
23437.78902,13306.83333,16977.66667,2013,387.6666667
25532.88013,16331.5,19436.66667,1891.333333,381.3333333
31227.19575,21242.66667,24224.16667,2050,387.6666667
30132.52888,20568.66667,22723.5,2146.833333,448.3333333
31049.3239,21928,24367.5,1991.833333,395.8333333
26215.85444,14612.5,19097.66667,2899,345.4
28007.86865,18262,21701.83333,4074.166667,484
27392.07071,18474.66667,20376.5,2860,436.8333333
22612.00363,9728.666667,14745.5,2519.833333,330.5
24855.34695,14631,18061.66667,3229.5,470.6666667
20796.83314,8134.166667,11839.66667,2914.333333,419.5
21547.62007,10352.5,14356,2701,449.5
27169.98824,14450.33333,19159.5,2612,443.8
27972.99112,16441.83333,20643.83333,2683.666667,453.4
30157.49365,21781.66667,23797.66667,2053.6,426.3333333
28263.72175,19267.16667,22449,2110.4,391.6666667
24298.78472,13552.5,16871.66667,2940.166667,533.6666667
26021.07686,16439.83333,20008.83333,2835,473.8333333
18335.1351,6961.333333,11362.66667,1868.666667,256.3333333
20363.80224,10346.66667,13649.5,1677.6,394
11540.37251,3650,5080.333333,1805.333333,289.6666667
10859.51227,4258.666667,5386,1789,399.4
16524.79403,5279.166667,7284.666667,1953.833333,410.1666667
21991.55504,10778.16667,14219.33333,2327.5,351.8333333
26391.83759,14786.66667,19479,1745.333333,419.1666667
31458.09174,24237.83333,25238.33333,2156.166667,399
29857.71177,22143.5,24262.83333,1890.166667,440.3333333
29522.67842,19880.33333,23672.83333,12279.33333,1727
24685.58712,13828.16667,18063.83333,2046,356.5
23581.06132,12333.16667,16669.66667,1811,321.6666667
17413.19101,6635,9740.333333,1718.833333,356.3333333
16192.95447,6401,8911.166667,1858.6,345.8
21043.79668,8241.333333,11423.83333,1838.166667,363.8333333
18878.46567,6686,10578.16667,2151,321.8
25429.90459,14368.66667,17600.5,2145.5,403.1666667
29712.68841,19435,22946,2029.166667,322.8333333
31051.99645,23122.83333,25017.5,2556.6,479.5
32407.97163,22511.33333,25848.33333,11453.5,1526.666667
27829.60547,20382.83333,21139.33333,2125.333333,386.1666667
25920.59347,15492.66667,19222.16667,2278.666667,315.3333333
23701.87291,11832.5,15635.33333,2183.5,431.8333333
22089.91312,9918.333333,14246,1960.2,382.6666667
24932.03918,13676.16667,17317.83333,2211.833333,380.8333333
21655.07185,9317.666667,13307.16667,2152.666667,348.8
24667.33681,14261.83333,17796.83333,2761.833333,328.1666667
29374.23264,19752.33333,21722.33333,1908.333333,444
32332.73122,24339.83333,26726.5,2143.833333,304.1666667
32847.9504,25994.33333,27489.5,1589.5,404.8333333
31786.63104,24748.5,26094.16667,2104.166667,373
29844.7253,21353.5,23984.66667,4634.666667,566
27264.59391,17672.66667,21783.66667,3233.333333,375.5
25717.81822,15473.66667,18879.66667,2770.5,401.3333333
27006.15878,16833.5,20885.66667,2473.333333,522.3333333
22987.12725,11909.33333,14971.5,2834.5,435
24407.80248,14172.83333,17314.5,3318.5,466
27118.80705,15770.83333,19954,2368.166667,341
28893.41051,20209.66667,22523,2205.8,324
29654.55149,21256,23315.16667,2267.833333,457.1666667
31965.41481,25383.5,25081.66667,1482.5,355.8333333
28329.23457,20228.66667,22641.33333,1521.666667,453.8333333
27651.75489,20358.33333,20969.5,1760.666667,404
25210.08065,15577.5,18630.66667,3770,614.5
26264.04747,17790,19407,2124.333333,389.5
22169.17219,11292.16667,15677.83333,1991.666667,429.5
23529.73891,13569.33333,17632,1939.666667,416
23488.97463,13173.16667,17423.33333,2040.5,404.3333333
25192.82481,16976.5,19450.16667,1740.4,332
24515.18786,15346.33333,18287.83333,1980.833333,413.5
31423.41347,24187.5,25820.5,1740.5,349.1666667
26530.23757,17979.5,21119.16667,1462.666667,354.5
26004.43285,16821.33333,20352.5,1574,435.3333333
22385.40061,12082,15871.83333,3183.666667,555
23179.03299,14422.83333,16281.5,2003.2,354
18356.77659,8153.5,11491,1766.8,475
21183.14351,12345,14332,1779.5,356
20693.02454,9765.5,14212,1660.833333,388.8333333
23095.7588,13882,17865.5,1418,373.6666667
21750.41469,13555.33333,15244.5,1568.4,402.6666667
28888.25836,21362,23167.83333,1532.8,349.8333333
32422.19113,25878.5,27340.83333,1524.2,421.3333333
28914.1787,19426,23116.83333,1816.333333,363.1666667
20906.05256,8591,13484.16667,1947.833333,340.6666667
21341.07477,9743.666667,13528,2837,423.6666667
11825.90909,3471.166667,4748.5,1795,246.1666667
15787.27904,4981.166667,8326.5,2078.666667,283.8
16242.19452,5855.5,9429.166667,1692.833333,333.5
17435.91002,6727.166667,10496.16667,1889.8,350.3333333
15604.99598,4985.833333,8713,1874.8,308.6
22263.90755,13391.66667,16632.83333,1599.5,364.8333333
25516.28271,16452.66667,19547.66667,1696,392.3333333
25447.99866,16967.16667,19323.66667,1575.666667,369.8333333
19162.71855,8325.666667,11383,1942.833333,332.8333333
17894.15301,7045.833333,10551.33333,2295,378.3333333
7000.527857,2704.833333,3568.666667,1878.833333,344
9246.839646,3239.166667,4078.666667,2063.5,398.8333333
9840.810764,2691.833333,4425.333333,1575.6,343.4
11913.96358,3776.166667,5492.833333,1609.2,375.2
10774.16047,2432.5,4399,1697.166667,324.5
16851.37066,8767.833333,11264.16667,1465.666667,297.4
20902.00923,11011.33333,15154,1447.333333,369.8
21850.48161,12118,14955.66667,1572,380.6666667
26818.5447,17694.83333,19935.5,1581.666667,304.5
15221.82394,5606.166667,7270.833333,1717.4,364.6666667
8819.399858,3776.666667,4642.833333,2125.166667,315
8140.424913,3250.166667,3931.666667,2181.333333,298.6666667
7508.266098,2427.166667,3096.666667,2120.6,336.3333333
7591.797743,2604.666667,3290.666667,2107.833333,316.6666667
5287.273635,1729.166667,2354.666667,1851,345.6666667
13623.67164,7887.833333,9113.166667,2000.166667,315.8333333
13435.57793,5032.333333,7683.666667,1642.5,335.6666667
13146.77817,4027.833333,6265.333333,2084.75,319.1666667
20942.86821,9761.666667,13334.33333,1790.666667,375.6666667
20704.75935,9635.166667,12910,2347.166667,343
17408.71619,7126.5,8366.5,2746.333333,476.5
16206.69875,6892.5,8448.166667,2955.666667,420.3333333
7666.082465,2672.333333,3497.5,2207.833333,405.1666667
8506.680082,3005.166667,4256.5,2134,333.3333333
6450.692393,2085.666667,2986.333333,2379.333333,401
10801.29179,5325.333333,6916.666667,1771.5,331
7825.333688,2639.666667,3516.333333,1663,313.1666667
7711.002959,2499.5,3493.333333,2204.5,358
10856.21666,3504.666667,5130.5,2041.333333,312.8333333
8849.300268,2774,3413,1683.4,350.1666667
14271.28918,4517.833333,6564.166667,2094.666667,332.3333333
17741.6177,7642.166667,9044.833333,3066.166667,537.8
8346.512153,3070,3710,2264.666667,364.6666667
7091.795415,2611.666667,3394,2173.8,351.6666667
5443.427596,1789,2328.666667,2404.166667,345.1666667
8382.234612,2534.666667,3865.833333,1822,327.6666667
4683.762981,1439,2029,1712.333333,332.3333333
5500.351641,1951.333333,2599.166667,2158.333333,326.8333333
8504.470841,2763.166667,3968,1628.8,324.5
6108.523753,2042.833333,2676.333333,1760.5,318
8551.001815,2568.166667,3771,1970.5,382.1666667
14850.28867,6006.666667,7047.5,2413.666667,450.1666667
14985.71701,6211.333333,7309.666667,2644.166667,526.8333333
11142.36064,4222.333333,4657.833333,2326.333333,384.6666667
10475.47483,3751.833333,4843,2516,472.1666667
9222.141888,3415.166667,4733.5,2087.5,360.5
6577.662405,2348,2951,1857,350.5
9161.874684,3571.5,4096.666667,2361.666667,340.5
10470.83546,3780,5363.166667,1845.166667,377.6666667
9324.51164,3166.333333,3918.833333,2083.833333,353
8488.017282,3129,4301,2252.333333,467.8333333
12641.46007,4560.166667,5824.833333,2554,451.5
16981.85346,6678.333333,7950.166667,2200.166667,358.6666667
11286.22688,4509,5006,2391.2,393.8333333
8611.541864,3136,3761.666667,2270,364
4190.65621,1491,1861,1886.333333,422.8333333
4099.983901,1372.333333,1947.833333,1591.333333,301.8
4287.721157,1311.5,1702,1900,309.5
6051.458412,2077.833333,2841.333333,1802.833333,248
4723.44618,1373.166667,1922.833333,1706.5,295.3333333
4585.604048,1647.5,1880,1896.333333,346.1666667
6280.040325,1979.333333,2719.166667,2432.833333,397.8333333
7594.199771,2342.5,3155.666667,1995.333333,291.8333333
14956.58357,6395.333333,6999.5,2841.833333,514.5
36666.08491,26955.16667,27881,2207.166667,434.5
34654.80342,24953.5,26531.66667,2178.5,372.6666667
35699.59059,24464,26128.83333,2464.333333,354.3333333
32245.11713,22577,24157.83333,1953,431.5
25058.39575,11825.83333,14092.66667,2173,359.3333333
31748.89591,20229.66667,22282.66667,2087.5,387
33691.17981,23146.33333,25585.83333,2290.2,441.8333333
34241.98292,23075.33333,26708.66667,2090.166667,415.3333333
28071.71792,13966.83333,16661.5,2548.166667,457.6666667
31954.37184,18301.16667,20529.16667,3197,516.8333333
32878.56116,20096.16667,23170.5,4232.333333,673.5
35685.12796,24575.16667,25319.83333,3140.4,478.2
35883.27154,23902.16667,26116.16667,3188.833333,518.5
34896.90499,26090.66667,27210.66667,1909.333333,480
34605.45072,24549.5,24500.33333,2144.333333,332.1666667
29236.05106,20491.33333,21510,2232.166667,373.8333333
26775.14161,14370.66667,17810.33333,1707.666667,393.1666667
30073.11825,17680.66667,19264.66667,1886,365
33026.40589,23351.5,24481.33333,1880.333333,299.6666667
33156.00087,21478,25828,1797.166667,343
25386.56858,12335.5,12997,2100.166667,318.3333333
29935.20604,15893.16667,19216.33333,2270.833333,407.2
28890.36281,16570.5,18230.5,2136.5,368.4
31085.87595,18277.16667,20460.83333,2167.5,407.3333333
33972.43083,22169.16667,24121.66667,2307.833333,336.6
35535.7133,25400.5,26973.66667,1857.8,404.3333333
35584.38755,27286,27801,1793.666667,442.5
31429.77853,24750.83333,25142.16667,1999,401.6666667
30549.09628,20887.5,23550.66667,1724.666667,403.5
33304.76069,23825.66667,25147.66667,1715.5,425.1666667
34533.74807,25338.33333,28131.5,1710.833333,350.2
35084.48512,27390.66667,27876.66667,1535.666667,340.3333333
29384.75809,17748.16667,18898.83333,1709.166667,356.6666667
33362.78662,22252,24529.5,1737.166667,332.1666667
29933.97045,18875.16667,20197,1940.5,371.5
33234.64023,22563.33333,23146.83333,1728.8,294.8333333
32729.13628,21429,22483.83333,2123.333333,362.3333333
35232.05023,26123.66667,27590,2073.333333,456
37869.53062,29085.83333,29392.33333,1673.8,412.5
34325.48359,27263,28797.66667,5820,699.6666667
32188.49313,24952.83333,25532.66667,1593.5,422.8333333
34387.27032,27407.33333,27840.16667,1678,334.1666667
35066.96741,27319.83333,28486.33333,1999.6,374.8333333
34218.9328,25446.8,27595,2018.5,402.3333333
26979.35148,15565.83333,17661.33333,1831.333333,458.5
32555.53705,23673.16667,24142.33333,1771,279.5
27019.10784,15349.33333,17037.66667,1788.5,365
31133.3632,19389.16667,21839.16667,1753.666667,378.1666667
31100.7343,19556.16667,21468.5,1983.2,391.5
33551.22368,24341.16667,24431.83333,2049.666667,324.8333333
34411.23272,24609.33333,25808,1929.8,400.4
36169.67886,29164,28903.16667,1944.166667,322.1666667
33468.86245,25219.83333,27176.5,3794.5,602.3333333
33916.42795,26503.5,28605.5,2240,407.8333333
32690.69172,26174.66667,27410.83333,3930.2,480.1666667
33529.30919,26081.83333,27756,5163.166667,588
30320.05674,19968.83333,23997,5950.5,647.3333333
32285.09987,23592.33333,26311,5338.6,594
28970.58539,19154.5,21602.5,5171,651.8333333
30655.97936,20353.66667,24227,5311.833333,603
30283.53018,20959,23240.33333,4950,676.6666667
30992.19942,20983.16667,23295,4993.333333,575.6666667
31605.71327,22935.16667,25586.16667,4697.666667,542.8333333
32554.96962,24088.5,26586,4594.8,532.8333333
32907.68099,25797.66667,27567.33333,4472.5,590.8333333
34322.99763,27577.33333,28860.83333,1579,389.1666667
33549.34493,26282.33333,28369,1642.166667,398.5
33346.36265,26807.5,27760.5,1839.8,383
30054.52269,21985.33333,23525.33333,2675,496.6666667
30589.00915,21629.66667,24397.83333,2437.666667,499.1666667
27173.71615,16483.16667,20200,2803.5,430.8333333
29272.44886,19756.16667,22276.66667,2769.166667,454.5
27604.26709,16590,19714.83333,2706.333333,508.6666667
28564.93825,18279.33333,21723.66667,3191.666667,453
28845.55232,19395.66667,20708.5,2683.833333,401.2
29508.28926,20663,22577.66667,2402.166667,394.2
31000.45735,22719.5,24788,2862.2,459.3333333
34148.74653,27065.5,28909.16667,2144.666667,395.3333333
34388.97068,27647.5,28804.5,1770.666667,317.8333333
33877.37962,26351.16667,28410.83333,1922,399.4
30454.76101,21965.66667,24486.33333,2285.166667,392
31480.73635,24004.16667,25796.66667,1778.2,308.8333333
27632.87701,17049.66667,19976.33333,2094.166667,403.2
29408.75414,19336.5,22484.5,1927.2,412
27105.44302,14695,18327.33333,2158.333333,322.6666667
28245.97664,17652.16667,19936.16667,2279.333333,496.6666667
29610.6789,18606.66667,22076,1699.2,476.8
29337.72313,18457.33333,22609.16667,2078.833333,418.6666667
29598.69634,20788.83333,23053.33333,2308.4,437.3333333
32877.96579,24799.66667,26839,1653,378.1666667
32316.32884,25676,26133.83333,1493.666667,387.6666667
35377.07824,27936.66667,29600.83333,1727.166667,444.3333333
33058.81814,24293.33333,25460,1984.2,335.1666667
32956.16868,23496.66667,26152.83333,1848.5,438.1666667
29986.59044,19492.5,23199,3066.5,474
31242.95889,21001.66667,23291.16667,2182,323.3333333
28976.04814,15413.5,19759.83333,2455.5,363.8333333
29620.06045,17060.33333,20951,2359.5,389.1666667
29696.13794,17536.16667,21472.83333,2123.333333,357.8333333
30650.32738,20816.66667,22600.5,2160.5,413
29335.67661,19234,22145.16667,2082.833333,311
30989.24302,23441.16667,23714.83333,1945.666667,531.8333333
31629.65775,23882.16667,26079.83333,1905,387.6666667
34706.95222,26739.5,29055.33333,1809.8,428
35025.29636,26860.83333,29333.16667,1724.333333,348.3333333
34981.33254,26786.83333,27870.5,2218.833333,315.6666667
32999.10677,23065.66667,25456,3197.166667,501.3333333
33954.32205,24282.33333,27050.33333,2158.333333,466.6666667
32352.97134,19700.33333,22863,2425.4,313.6666667
32584.56317,20050.16667,24033.33333,2575.5,369.8333333
32463.78015,20961.66667,24863.5,1953.166667,411.6666667
33590.83838,23874.66667,26295.5,2000.333333,327
31046.05638,19835.5,23383.83333,2307,357.8333333
30992.55103,21608.66667,24413.83333,2453.4,404.3333333
32103.90073,23091.66667,24919.66667,2202.333333,408.3333333
33854.29715,25143.5,27309.16667,2040.333333,402.6666667
35824.60515,28308.33333,29948.33333,2178.2,351.8333333
36102.75698,29023.33333,29350.83333,2073.666667,338.6666667
33370.84268,24181.33333,27263.16667,2006.833333,387
34274.9551,25229,27334.33333,3374,415.3333333
33314.95036,22678.5,26254,2387,357.5
32478.99964,21452.66667,24099.16667,2339.166667,404.6666667
32716.69413,23729.16667,25627.83333,2202.166667,402.6
33266.93174,22455.16667,26249.16667,2052.4,437.3333333
30677.06866,17687.16667,22264.5,2288.333333,339.5
30915.44693,19339.83333,23933.66667,2335.333333,343
30618.43857,18948.33333,22351,2241.6,359
31015.11691,20813.5,23285.5,1974,338.8333333
33181.46567,23776.83333,25367.66667,2032.833333,472.6666667
33013.81518,23989,26318.83333,1938.5,406.5
35707.89216,28003,29408.16667,2720.4,409.5
34949.60133,26364.66667,29044.33333,2794.6,313.5
34849.23919,25975.83333,27758.66667,2089,371.8333333
33854.96626,25273.5,25938.33333,1964,355
33373.66465,25274.16667,27001.5,1945.25,410.5
33321.63625,24334.66667,25541.33333,1994.5,451.1666667
31716.81017,17622.66667,22491.33333,2105.4,415.3333333
31279.6205,20260.5,23636.16667,2144.5,395.8
30615.12528,16760,20745.83333,2316.666667,439
30055.78133,17901.83333,22272.5,1999.5,374.3333333
32745.16883,21659.33333,24095.5,1976.6,457.5
33988.9463,23533.5,27588.66667,2246.666667,466.8
34814.5846,27251.33333,28926.5,1608.166667,409.8333333
34470.9669,26676,26721.5,2012,462.8333333
35100.23935,27653.33333,29090,1885.333333,500
33673.05118,24827,27161.33333,2334.5,453.5
33290.79957,25604.83333,27078.16667,3674.4,492.1666667
33490.74416,25416.66667,27471.16667,2752,469.3333333
32198.18572,21136.5,23659.83333,3126.5,378.5
30964.53334,19744.33333,23825,2550.333333,401
29925.99795,15833,20840.83333,2444.166667,346.8333333
29032.20198,16590.33333,21399,2212.666667,370.4
30924.35034,21089.83333,22410.16667,2472.833333,393.8333333
30556.55339,18242.33333,22033.16667,2935.5,361.5
34082.88648,24731.33333,27159.66667,3083.5,494.5
35983.37571,27543.66667,28980.83333,2640.833333,378.1666667
34705.01535,27432.83333,28280.83333,2035.833333,469.8333333
33788.48445,26123.5,27175.66667,1913.166667,426.1666667
32541.35188,25393.33333,26838.66667,2660.8,511.5
33100.97096,24903.66667,27835.5,3576.833333,614
30549.23161,20521,23277.5,1988.666667,292.3333333
30446.85468,20502,22721.33333,1585.166667,391.2
29061.6413,16090,19691,2048.666667,380.5
27277.56029,15396.83333,19235.5,1755.8,362.5
29821.54561,18548.5,22334.5,2101.166667,336.3333333
28036.83183,14848.5,19185,2178,406
29619.84174,19290.66667,21897.33333,2047.4,395.1666667
32394.7663,23418.66667,25642,1895.666667,379.5
34599.39453,26631,28372,1819.833333,442.1666667
36063.3297,30122.83333,30115,2138.833333,450.8333333
34217.6615,28051,28570.5,1970.666667,418.25
35096.58231,25714,29124.33333,12275.33333,1713
33336.91939,25639.16667,27837.66667,1918.333333,344.3333333
33183.70344,24945.5,27431.33333,1811.333333,455.5
31822.78378,22888.5,25107.5,2304.166667,382.6666667
32156.84339,23703.33333,25902.33333,1900,366.6666667
32620.36579,23457.83333,26505,1859.5,363
31232.20561,19899.16667,23393,2004.833333,293
31333.07852,22070.5,22462.16667,2290.666667,455.1666667
32029.40254,23044.66667,25745.33333,2150.833333,350
33500.72696,25200.33333,27456.5,1835.833333,442.5
33568.53563,25955.16667,26878,1735.333333,317.6666667
34644.46737,28575.16667,28435,2296.333333,474.8333333
34808.55595,27011.5,28036.16667,8605.833333,1126
34541.30702,27414.33333,28307.83333,1601.833333,369.3333333
33857.53756,26899.16667,28073.66667,1699.5,401.3333333
33747.88092,25839,26579.16667,1750.666667,349.5
33386.71346,25661.66667,26987.66667,1555.333333,330.3333333
33837.21003,26276.16667,27113,1793.666667,381.8333333
32009.89579,23058,24406.5,2185,442.6666667
32702.39942,24297.66667,25360,2054.5,425.2
33055.0434,25192.16667,26791.83333,1874.2,363.6666667
33190.49578,25178.66667,27401.33333,2098,333.3333333
32294.16864,23371.66667,25475.16667,2129.833333,375.1666667
36014.28804,30014.33333,31074,1868.333333,393
32627.93699,25594.66667,26962.5,1395.2,360.5
32271.65728,24725.16667,25762,1695.6,477.6666667
31641.89406,23563.5,26049.66667,3039.333333,399.5
30149.80848,21721,23410.5,2260,375.5
29599.26255,20351.16667,23498.66667,2467.333333,388.8333333
30494.39327,22085.66667,23250.33333,2291.666667,405.3333333
27911.2923,16411.16667,20570.66667,2397.666667,375
28558.50754,18720.83333,20614.33333,2489.166667,531.6666667
28658.96007,19743.16667,20803,2085.6,425.6666667
30051.51744,20951.66667,23924.66667,1959.333333,410.5
28300.14852,19240.16667,21326.83333,2505.833333,467.5
34047.6276,27060.5,27865.83333,2215,453.5
35219.34679,29561.16667,29941.66667,2192.333333,465.6666667
34616.4171,28135,27990.66667,1536.5,394.6666667
31557.03089,23018,25372.33333,1851.333333,430.4
31782.70956,22699.5,24785.33333,2093,352.3333333
29425.41379,18851.33333,22837.16667,4626.666667,801.6666667
29758.03792,20523,22880.5,2284.4,338.6666667
26739.61056,16184.66667,18471.33333,2466.6,393.8333333
28077.16667,17875.66667,20928.5,2266.166667,380.6
28117.10851,17701.66667,20411.16667,1917.833333,424.6666667
27951.37966,18282.5,22093.33333,2016.666667,414.3333333
27314.27099,17532.33333,21054.16667,1751.833333,349.5
30685.96402,22565,25125.33333,1742.166667,419.6666667
32774.02446,26047.5,27200.33333,1614.166667,469.3333333
32035.38072,24970.16667,25926.16667,1597,400.3333333
29716.38108,21651.5,22686,1473.166667,345.6666667
30219.41576,21534.83333,23809.16667,1444.2,353.5
27218.59201,16434.5,21000.5,3182,561.6
27928.72151,17845.16667,20959.33333,1815,366.6666667
24123.92373,12183.83333,15973.33333,2038.833333,374.6666667
26175.5161,15327,18310.5,1724.666667,419.2
25621.6336,14779.66667,18747.33333,1482.166667,342.3333333
26035.37997,17513.83333,19603.33333,1831.666667,306.5
25479.90822,15795.33333,19057.5,1716.666667,301.5
28088.43632,20283.5,22032.5,1605.833333,334.1666667
30755.74807,22526.83333,24755.33333,1826,444.8333333
29961.4431,21828.83333,23430,1689.833333,407.8333333
33332.42997,25813.83333,27988.83333,1641.2,367.8333333
30264.94918,20935.16667,23436.83333,2051.666667,385.4
25166.44235,14658.16667,17786,1803.666667,475.3333333
25423.81522,14714.66667,17648.66667,3245.666667,470.8333333
19920.30271,7409.166667,10098.33333,2318,314.8333333
20787.43478,8957.833333,11230.83333,2142.666667,328.8333333
20698.05705,9922.5,13586.33333,1997.666667,354.6666667
21487.75118,11255.33333,13665.5,1853.166667,381.8333333
19282.27951,9728.666667,11570.83333,1942.666667,303.8333333
24024.44681,15026.33333,17186.5,1646.5,486.5
26434.39441,17510.66667,19795.66667,1541.666667,362.4
25413.43095,16886.66667,18750.33333,1886.5,444.6666667
29170.33134,19762.5,22299.83333,1773.6,346.1666667
29477.84774,20651.33333,22622.33333,1536.2,295.1666667
27854.05938,17944.5,20183.16667,2562.166667,420.8333333
28167.28961,18213,20517.83333,3271.5,464.5
24233.67503,11886.66667,15204.33333,2457.4,367.5
24798.66375,12263.33333,15919.5,2470.166667,437.6666667
23806.11312,13603.16667,16434.66667,2573.4,408.3333333
24318.03559,13569.66667,16565.66667,2153.166667,349
22758.17736,11294.33333,15321.66667,2286,424.1666667
26220.53338,17235.33333,18934.83333,1831.666667,428.8333333
27643.45995,18511.33333,21324.5,1648.5,392.8333333
26199.07146,17025.5,18627.5,2084,378.1666667
29111.77869,21142.5,22130.16667,1692.333333,337.8333333
27775.2642,18858.66667,20127.16667,1865,358.6666667
30600.19058,20753.33333,24334.16667,1795.333333,537.1666667
25075.3299,14104.66667,15781.16667,2407.6,394.3333333
22299.15893,10118.83333,12276.33333,2835.333333,396.6666667
22308.22913,9936.666667,12199.66667,2754.666667,409.1666667
20371.14354,9578.666667,12371,3209,443.8333333
19326.82418,8971,10910.16667,3389.5,521
16615.74601,6109.5,7895.5,2513.6,335.3333333
21960.61577,12146.66667,13438.33333,2253.5,367.5
23144.35827,12317.83333,16390.33333,2125.333333,375.5
20784.20731,9408.166667,12510.66667,2317.333333,423.5
26531.02498,15992.33333,19115.33333,1875.166667,381.3333333
23011.35993,11438.33333,14780.33333,2157,344.5
26465.67235,16213.16667,18167.5,2343.4,368.6666667
26875.75986,17935,18790.16667,2497,432.3333333
24586.17949,12230.5,14744.83333,3044.333333,429.6666667
22857.78409,11431,11859.33333,3232.666667,485.5
16507.60894,6630.833333,8248.5,2493.666667,460.1666667
16664.4695,6719.333333,8478.666667,2338.333333,412
14879.5421,5730.833333,7387,2451.333333,436.5
16032.31597,8509.5,9640.833333,1860.5,396.5
15237.39548,5713,7862.5,1738.5,385.3333333
15591.81826,6301.5,7462.666667,2348.333333,378.4
18601.18296,8507.666667,11086.33333,1810,319.1666667
16103.60192,6424.333333,7933.833333,2343.6,476.5
16982.7732,8004.666667,10180.83333,2003.166667,325.5
18377.29514,7575,9841,2751.5,466.5
23578.04186,11401.16667,14291.83333,1990.5,398.6666667
24854.19358,12296.33333,14407.83333,3479.833333,529.8333333
18523.15739,8234.666667,9278.5,2954.6,465
16544.95664,6765.5,8365.666667,2963,525
15000.77632,6160.5,7218.833333,3013.666667,497
13911.75967,7194.166667,8366.5,2111.666667,326.4
13926.54759,5552.333333,7633.833333,1874,368.8333333
13542.97704,5638.333333,6275.833333,2564.8,362.3333333
16352.43391,6825.166667,8925.166667,2068.666667,344.1666667
14275.89777,5560.166667,6690.333333,2184.166667,376.8333333
14296.14792,6743.666667,7986,2035.5,363.3333333
15932.47518,6498,8105,2840.833333,440
19760.86301,8033.666667,10586,2292.833333,432.8333333
22485.30358,10518.66667,12315.5,2394.166667,481
40975.04569,38847.33333,36092.66667,1232.333333,446.5
40954.97956,38741.83333,36112.16667,1453.333333,472.1666667
39325.04889,37773.5,34513.16667,1507,520.1666667
39463.84063,38203.16667,35238.66667,1187.166667,443.5
40743.22909,39573.33333,37550.33333,1292.166667,404.3333333
40818.19744,39111.66667,36845.33333,1238.333333,406.6
41075.60811,38664.83333,37591.33333,1392.2,487.1666667
446.8400411,179.3333333,188.1666667,14420.33333,10050.5
421.893308,170,186.5,14047.83333,10103.33333
358.1122555,167,178.1666667,4422.5,678.8333333
370.8903488,166.8333333,182.1666667,4094,595
284.5847064,121.4,135.3333333,14582,8789.333333
344.5359454,146.5,164.3333333,14617.5,9233.4
314.0018546,144.4,160.3333333,5469,833.6666667
304.0508602,135.1666667,170.6666667,5723.666667,797.1666667
393.6855666,138.8,207.6666667,3817.666667,370.75
377.6182529,153.6666667,193.8333333,3932.833333,365.5